data_frac,trial_i,performance,passed_safety,gvec
0.527499706370262,8,0.7546971961879169,True,[-0.03402573]
