data_frac,trial_i,performance,passed_safety,gvec
0.04084238652674522,2,2.660111640246693,True,[-0.04904815]
