data_frac,trial_i,performance,passed_safety,gvec
0.021544346900318846,9,3.0115203593238147,True,[-0.0438316]
