data_frac,trial_i,performance,passed_safety,gvec
0.005994842503189409,2,2.905558418308657,True,[-0.03979274]
