data_frac,trial_i,performance,passed_safety,gvec
0.011364636663857248,3,4.197126320670662,True,[-0.04905334]
