data_frac,trial_i,performance,passed_safety,gvec
0.0031622776601683794,7,2.735583868252643,True,[-0.02800583]
