data_frac,trial_i,performance,passed_safety,gvec
0.005994842503189409,5,2.7720010305918956,True,[-0.04345255]
