data_frac,trial_i,performance,passed_safety,gvec
0.2782559402207126,1,1.737538100522576,True,[-0.04775799]
