data_frac,trial_i,performance,passed_safety,gvec
0.0774263682681127,3,1.7981822496284894,True,[-0.04736176]
