data_frac,trial_i,performance,passed_safety,gvec
0.021544346900318846,2,2.5722570228300636,True,[-0.047147]
