data_frac,trial_i,performance,passed_safety,gvec
0.527499706370262,1,0.8511286702004228,True,[-0.03081757]
