data_frac,trial_i,performance,passed_safety,gvec
0.2782559402207126,9,0.9995916094030833,True,[-0.04470587]
