data_frac,trial_i,performance,passed_safety,gvec
0.011364636663857248,8,2.847534244238548,True,[-0.02469413]
