data_frac,trial_i,performance,passed_safety,gvec
0.021544346900318846,7,3.213666503142678,True,[-0.04367301]
