data_frac,trial_i,performance,passed_safety,gvec
0.0774263682681127,1,2.351661501785872,True,[-0.04542436]
