data_frac,trial_i,performance,passed_safety,gvec
0.0031622776601683794,6,1.9794080996941648,True,[-0.04278705]
