data_frac,trial_i,performance,passed_safety,gvec
0.04084238652674522,8,2.450375347485399,True,[-0.04667714]
