data_frac,trial_i,performance,passed_safety,gvec
0.021544346900318846,4,3.496443528237938,True,[-0.04026386]
