data_frac,trial_i,performance,passed_safety,gvec
0.0031622776601683794,8,4.098754760908696,True,[-0.0470316]
