data_frac,trial_i,performance,passed_safety,gvec
0.14677992676220697,8,1.560638129749913,True,[-0.0458279]
