data_frac,trial_i,performance,passed_safety,gvec
0.2782559402207126,0,1.3276857150495114,True,[-0.04752762]
