data_frac,trial_i,performance,passed_safety,gvec
0.005994842503189409,4,2.1972336792129457,True,[-0.01423009]
