data_frac,trial_i,performance,passed_safety,gvec
0.14677992676220697,1,1.9580704722622315,True,[-0.04181234]
