data_frac,trial_i,performance,passed_safety,gvec
0.005994842503189409,3,4.802051621623581,True,[-0.04999695]
