data_frac,trial_i,performance,passed_safety,gvec
0.0774263682681127,5,2.4817855806271307,True,[-0.04774084]
