data_frac,trial_i,performance,passed_safety,gvec
0.021544346900318846,3,3.5786890487475578,True,[-0.04955484]
