data_frac,trial_i,performance,passed_safety,gvec
0.14677992676220697,5,2.163580034700446,True,[-0.04885777]
