data_frac,trial_i,performance,passed_safety,gvec
0.04084238652674522,0,3.121491678154974,True,[-0.04295003]
