data_frac,trial_i,performance,passed_safety,gvec
0.011364636663857248,9,2.6591180466732376,True,[-0.01406837]
