data_frac,trial_i,performance,passed_safety,gvec
0.0031622776601683794,1,2.218432052627646,True,[-0.04394571]
