data_frac,trial_i,performance,passed_safety,gvec
0.0774263682681127,9,2.6574584529929366,True,[-0.0475784]
