data_frac,trial_i,performance,passed_safety,gvec
0.005994842503189409,9,3.6295035176235895,True,[-0.04351286]
