data_frac,trial_i,performance,passed_safety,gvec
0.14677992676220697,7,1.9167886529493483,True,[-0.04532663]
