data_frac,trial_i,performance,passed_safety,gvec
0.14677992676220697,6,1.9175176749914358,True,[-0.04811896]
