data_frac,trial_i,performance,passed_safety,gvec
0.527499706370262,9,0.6959278400354862,True,[-0.02165961]
