data_frac,trial_i,performance,passed_safety,gvec
0.021544346900318846,5,2.668697069114532,True,[-0.0272941]
