data_frac,trial_i,performance,passed_safety,gvec
0.0774263682681127,6,2.3080505760733754,True,[-0.045428]
