data_frac,trial_i,performance,passed_safety,gvec
0.0774263682681127,8,2.291925006840987,True,[-0.04921759]
