data_frac,trial_i,performance,passed_safety,gvec
0.011364636663857248,4,3.2247645838667833,True,[-0.01852126]
