data_frac,trial_i,performance,passed_safety,gvec
0.011364636663857248,5,2.4398466439315194,True,[-0.0325612]
