data_frac,trial_i,performance,passed_safety,gvec
0.0774263682681127,4,2.650562821333556,True,[-0.04975692]
