data_frac,trial_i,performance,passed_safety,gvec
0.527499706370262,3,0.9329175546370162,True,[-0.04017409]
