data_frac,trial_i,performance,passed_safety,gvec
0.2782559402207126,4,1.0702842695660209,True,[-0.04329722]
