data_frac,trial_i,performance,passed_safety,gvec
0.2782559402207126,7,1.3665322112174032,True,[-0.04711226]
