data_frac,trial_i,performance,passed_safety,gvec
0.0031622776601683794,0,3.593267388058328,True,[-0.04893315]
