data_frac,trial_i,performance,passed_safety,gvec
0.527499706370262,2,0.7749479114431705,True,[-0.03173696]
