data_frac,trial_i,performance,passed_safety,gvec
0.021544346900318846,1,2.4338420550781303,True,[-0.01157012]
