data_frac,trial_i,performance,passed_safety,gvec
0.2782559402207126,8,1.1038253787462486,True,[-0.03955747]
