data_frac,trial_i,performance,passed_safety,gvec
0.527499706370262,6,0.7098055517873875,True,[-0.02057645]
