data_frac,trial_i,performance,passed_safety,gvec
0.04084238652674522,7,2.6405395158299823,True,[-0.04356735]
