data_frac,trial_i,performance,passed_safety,gvec
0.2782559402207126,5,1.678989119877675,True,[-0.0475831]
