data_frac,trial_i,performance,passed_safety,gvec
0.021544346900318846,0,3.5760625330232525,True,[-0.03483828]
