data_frac,trial_i,performance,passed_safety,gvec
0.011364636663857248,7,3.0661030894895274,True,[-0.04189272]
