data_frac,trial_i,performance,passed_safety,gvec
0.527499706370262,5,0.8535655655817475,True,[-0.03723814]
