data_frac,trial_i,performance,passed_safety,gvec
0.527499706370262,0,0.934296220646806,True,[-0.03719207]
