data_frac,trial_i,performance,passed_safety,gvec
0.04084238652674522,9,3.4297320018879818,True,[-0.04917102]
