data_frac,trial_i,performance,passed_safety,gvec
0.14677992676220697,9,1.1935609931523141,True,[-0.04091498]
