data_frac,trial_i,performance,passed_safety,gvec
0.0031622776601683794,3,4.466232482898049,True,[-0.04998881]
