data_frac,trial_i,performance,passed_safety,gvec
0.14677992676220697,4,1.7796613374824632,True,[-0.04811444]
