data_frac,trial_i,performance,passed_safety,gvec
0.527499706370262,7,0.8500082617267145,True,[-0.0038901]
