data_frac,trial_i,performance,passed_safety,gvec
0.14677992676220697,2,1.8835953744576852,True,[-0.04739972]
