data_frac,trial_i,performance,passed_safety,gvec
0.2782559402207126,3,1.276208358467648,True,[-0.04829526]
