data_frac,trial_i,performance,passed_safety,gvec
0.04084238652674522,3,2.73554153302003,True,[-0.04764564]
