data_frac,trial_i,performance,passed_safety,gvec
0.04084238652674522,6,2.207508202534045,True,[-0.03220984]
