data_frac,trial_i,performance,passed_safety,gvec
0.2782559402207126,6,1.1796265918158126,True,[-0.03897058]
