data_frac,trial_i,performance,passed_safety,gvec
0.14677992676220697,3,1.3239110421230262,True,[-0.04909542]
