data_frac,trial_i,performance,passed_safety,gvec
0.0774263682681127,2,2.51149422925941,True,[-0.04900171]
