data_frac,trial_i,performance,passed_safety,gvec
0.0774263682681127,0,2.063019346875494,True,[-0.04793554]
