data_frac,trial_i,performance,passed_safety,gvec
0.005994842503189409,1,1.6484199007887215,True,[-0.02192802]
