data_frac,trial_i,performance,passed_safety,gvec
0.011364636663857248,2,2.8851112463485773,True,[-0.044755]
