data_frac,trial_i,performance,passed_safety,gvec
0.2782559402207126,2,1.1763385941571711,True,[-0.04911792]
