data_frac,trial_i,performance,passed_safety,gvec
0.04084238652674522,4,3.425500714145577,True,[-0.04431341]
