data_frac,trial_i,performance,passed_safety,gvec
0.0774263682681127,7,2.569257622662324,True,[-0.04865856]
