data_frac,trial_i,performance,passed_safety,gvec
0.021544346900318846,8,3.384665933163964,True,[-0.04611298]
