data_frac,trial_i,performance,passed_safety,gvec
0.005994842503189409,0,2.411040844204655,True,[-0.02770465]
