data_frac,trial_i,performance,passed_safety,gvec
0.14677992676220697,0,1.661058741693703,True,[-0.044888]
