data_frac,trial_i,performance,passed_safety,gvec
0.04084238652674522,1,2.329704008773252,True,[-0.02679241]
